prefecture_code,prefecture_name,target_year,base_year,release_type,total_guests,average_occupancy_rate,average_facilities,foreign_share_pct,demand_vs_base_pct,demand_yoy_pct,occupancy_yoy_pp,facility_yoy_pct,absorption_gap_pct,foreign_share_yoy_pp,monthly_cv,peak_month_share_pct,market_state,is_watch,watch_reasons,observed_fact,interpretation,next_action,data_quality_note
3,岩手県,2025,2019,final,5551590,55.01666666666667,613.0,8.101282695588111,88.4480146319625,-5.5403839576942175,1.691666666666677,-4.813664596273293,-0.7267193614209244,1.5267345681603013,0.12589809957766473,11.294061701242347,需要悪化兆候,True,2019年需要水準未達 / 需要の前年比低下,延べ宿泊者数は前年比-5.5%、2019年比88.4%。平均稼働率は前年比+1.7pt、平均施設数は前年比-4.8%。,地域市場の変化を示す一次スクリーニング結果であり、個別ホテルの収益性や担保価値を直接示さない。,対象ホテルのADR・RevPAR・GOP、競合施設の開業・閉館、商圏別需要を追加確認する。,
5,秋田県,2025,2019,final,2994410,48.050000000000004,549.9166666666666,4.954899295687632,81.9497203034516,-4.926386776607606,-0.5333333333333314,0.06065200909779467,-4.9870387857054,1.156603020323058,0.23136224708116881,12.013384940605997,改善継続性の要確認,True,2019年需要水準未達,延べ宿泊者数は前年比-4.9%、2019年比81.9%。平均稼働率は前年比-0.5pt、平均施設数は前年比+0.1%。,地域市場の変化を示す一次スクリーニング結果であり、個別ホテルの収益性や担保価値を直接示さない。,対象ホテルのADR・RevPAR・GOP、競合施設の開業・閉館、商圏別需要を追加確認する。,
6,山形県,2025,2019,final,4739560,50.30833333333334,754.0,6.5944940036627875,85.06243875474259,-2.831873284280062,1.0333333333333385,-1.5451577801958716,-1.2867155040841904,1.343852819003656,0.14442842260145197,11.321093097249534,改善継続性の要確認,True,2019年需要水準未達,延べ宿泊者数は前年比-2.8%、2019年比85.1%。平均稼働率は前年比+1.0pt、平均施設数は前年比-1.5%。,地域市場の変化を示す一次スクリーニング結果であり、個別ホテルの収益性や担保価値を直接示さない。,対象ホテルのADR・RevPAR・GOP、競合施設の開業・閉館、商圏別需要を追加確認する。,
7,福島県,2025,2019,final,9599100,49.14166666666667,1553.9166666666667,3.7476430081986853,75.83784979537663,0.6187585625681891,4.75833333333334,-3.011546863622183,3.630305426190372,0.35070776558516137,0.12803450202017824,10.920190434519903,改善継続性の要確認,True,2019年需要水準未達,延べ宿泊者数は前年比+0.6%、2019年比75.8%。平均稼働率は前年比+4.8pt、平均施設数は前年比-3.0%。,地域市場の変化を示す一次スクリーニング結果であり、個別ホテルの収益性や担保価値を直接示さない。,対象ホテルのADR・RevPAR・GOP、競合施設の開業・閉館、商圏別需要を追加確認する。,
8,茨城県,2025,2019,final,7269120,54.083333333333336,888.0,4.2921288959323824,115.38560441915284,-0.01196700408115925,-0.875,7.679870654810039,-7.691837658891199,0.4745170422709606,0.1193864342459845,10.774481642894877,供給増加に対する需要吸収の要確認,True,供給増加に対する需要吸収の要確認,延べ宿泊者数は前年比-0.0%、2019年比115.4%。平均稼働率は前年比-0.9pt、平均施設数は前年比+7.7%。,地域市場の変化を示す一次スクリーニング結果であり、個別ホテルの収益性や担保価値を直接示さない。,対象ホテルのADR・RevPAR・GOP、競合施設の開業・閉館、商圏別需要を追加確認する。,
9,栃木県,2025,2019,final,11092840,55.18333333333334,1613.9166666666667,4.289253248041079,116.03546910156727,-5.005664802947929,2.5500000000000043,4.449358213784915,-9.455023016732845,0.16674963635454265,0.17533782180960295,11.641563386833308,需要悪化兆候,True,需要の前年比低下 / 供給増加に対する需要吸収の要確認,延べ宿泊者数は前年比-5.0%、2019年比116.0%。平均稼働率は前年比+2.6pt、平均施設数は前年比+4.4%。,地域市場の変化を示す一次スクリーニング結果であり、個別ホテルの収益性や担保価値を直接示さない。,対象ホテルのADR・RevPAR・GOP、競合施設の開業・閉館、商圏別需要を追加確認する。,
10,群馬県,2025,2019,final,8766180,46.73333333333333,1539.75,4.109771873267489,101.36116719045933,-10.101710350089533,2.7583333333333258,2.0208712936889084,-12.122581643778442,-0.32536547364910184,0.14308334162200406,11.695288027396197,需要悪化兆候,True,需要の前年比低下,延べ宿泊者数は前年比-10.1%、2019年比101.4%。平均稼働率は前年比+2.8pt、平均施設数は前年比+2.0%。,地域市場の変化を示す一次スクリーニング結果であり、個別ホテルの収益性や担保価値を直接示さない。,対象ホテルのADR・RevPAR・GOP、競合施設の開業・閉館、商圏別需要を追加確認する。,
12,千葉県,2025,2019,final,28244200,63.99166666666667,2314.5833333333335,15.492950765112838,96.63037978234712,-0.14992959566381137,2.6666666666666714,7.260088820235588,-7.410018415899399,-0.0897578026512047,0.07769160805026883,9.949617974663823,供給増加に対する需要吸収の要確認,True,供給増加に対する需要吸収の要確認,延べ宿泊者数は前年比-0.1%、2019年比96.6%。平均稼働率は前年比+2.7pt、平均施設数は前年比+7.3%。,地域市場の変化を示す一次スクリーニング結果であり、個別ホテルの収益性や担保価値を直接示さない。,対象ホテルのADR・RevPAR・GOP、競合施設の開業・閉館、商圏別需要を追加確認する。,
13,東京都,2025,2019,final,107900620,76.33333333333333,5538.833333333333,55.71398014209742,136.61467488932882,-2.2172806537321788,1.48333333333332,19.35854613367811,-21.57582678741029,4.236640364143575,0.05344378237395704,9.096685450000194,供給増加に対する需要吸収の要確認,True,供給増加に対する需要吸収の要確認 / 外国人需要への高集中,延べ宿泊者数は前年比-2.2%、2019年比136.6%。平均稼働率は前年比+1.5pt、平均施設数は前年比+19.4%。,地域市場の変化を示す一次スクリーニング結果であり、個別ホテルの収益性や担保価値を直接示さない。,対象ホテルのADR・RevPAR・GOP、競合施設の開業・閉館、商圏別需要を追加確認する。,
17,石川県,2025,2019,final,9516320,57.050000000000004,1088.6666666666667,22.517317618575248,103.43084083098387,-17.190992952421226,-9.608333333333327,4.545454545454564,-21.73644749787579,3.374513432318679,0.15677843396776675,10.36388015535417,需要悪化兆候,True,需要の前年比低下 / 稼働率の前年比低下 / 供給増加に対する需要吸収の要確認,延べ宿泊者数は前年比-17.2%、2019年比103.4%。平均稼働率は前年比-9.6pt、平均施設数は前年比+4.5%。,地域市場の変化を示す一次スクリーニング結果であり、個別ホテルの収益性や担保価値を直接示さない。,対象ホテルのADR・RevPAR・GOP、競合施設の開業・閉館、商圏別需要を追加確認する。,
19,山梨県,2025,2019,final,9935970,43.74166666666667,2104.75,27.682350087610974,109.51913283864397,4.7662680278449665,1.4083333333333314,11.200633998150833,-6.434365970305866,0.7450223525135371,0.3194187756586048,15.62877102084648,供給増加に対する需要吸収の要確認,True,供給増加に対する需要吸収の要確認,延べ宿泊者数は前年比+4.8%、2019年比109.5%。平均稼働率は前年比+1.4pt、平均施設数は前年比+11.2%。,地域市場の変化を示す一次スクリーニング結果であり、個別ホテルの収益性や担保価値を直接示さない。,対象ホテルのADR・RevPAR・GOP、競合施設の開業・閉館、商圏別需要を追加確認する。,
20,長野県,2025,2019,final,19047990,39.0,5035.333333333333,13.168528542906627,105.51406559512888,-5.2588620910904105,-0.4166666666666643,4.702824467163391,-9.961686558253803,1.5311990825155863,0.20459820550194088,12.847077303169522,需要悪化兆候,True,需要の前年比低下 / 供給増加に対する需要吸収の要確認,延べ宿泊者数は前年比-5.3%、2019年比105.5%。平均稼働率は前年比-0.4pt、平均施設数は前年比+4.7%。,地域市場の変化を示す一次スクリーニング結果であり、個別ホテルの収益性や担保価値を直接示さない。,対象ホテルのADR・RevPAR・GOP、競合施設の開業・閉館、商圏別需要を追加確認する。,
25,滋賀県,2025,2019,final,4833770,53.15,727.1666666666666,6.371631252624763,96.36414381547601,-1.3099411383992843,-1.7583333333333329,7.569033530571989,-8.878974668971274,-0.5061722276209739,0.17280143068382972,11.227054659199755,供給増加に対する需要吸収の要確認,True,供給増加に対する需要吸収の要確認,延べ宿泊者数は前年比-1.3%、2019年比96.4%。平均稼働率は前年比-1.8pt、平均施設数は前年比+7.6%。,地域市場の変化を示す一次スクリーニング結果であり、個別ホテルの収益性や担保価値を直接示さない。,対象ホテルのADR・RevPAR・GOP、競合施設の開業・閉館、商圏別需要を追加確認する。,
26,京都府,2025,2019,final,33157290,66.74166666666666,3741.5833333333335,55.16500292997407,107.83012830102285,-3.079239489844121,4.0249999999999915,-5.745654546981271,2.66641505713715,5.654118622365232,0.1162984328727775,9.503128874525029,高変動・需要構成偏重,True,外国人需要への高集中,延べ宿泊者数は前年比-3.1%、2019年比107.8%。平均稼働率は前年比+4.0pt、平均施設数は前年比-5.7%。,地域市場の変化を示す一次スクリーニング結果であり、個別ホテルの収益性や担保価値を直接示さない。,対象ホテルのADR・RevPAR・GOP、競合施設の開業・閉館、商圏別需要を追加確認する。,
31,鳥取県,2025,2019,final,2571850,52.15,609.5833333333334,7.9164803546085505,89.05544474916202,-1.055292234772709,2.0333333333333314,1.6678248783877692,-2.723117113160478,3.361757508281875,0.17264684666516864,11.21643952796625,改善継続性の要確認,True,2019年需要水準未達,延べ宿泊者数は前年比-1.1%、2019年比89.1%。平均稼働率は前年比+2.0pt、平均施設数は前年比+1.7%。,地域市場の変化を示す一次スクリーニング結果であり、個別ホテルの収益性や担保価値を直接示さない。,対象ホテルのADR・RevPAR・GOP、競合施設の開業・閉館、商圏別需要を追加確認する。,
32,島根県,2025,2019,final,3428130,54.050000000000004,730.1666666666666,3.3341792755817314,94.13698223877154,-0.48073992144430644,-1.3333333333333286,5.00958772770852,-5.490327649152826,0.9040621968315392,0.2137789643596644,11.26911756555323,供給増加に対する需要吸収の要確認,True,供給増加に対する需要吸収の要確認,延べ宿泊者数は前年比-0.5%、2019年比94.1%。平均稼働率は前年比-1.3pt、平均施設数は前年比+5.0%。,地域市場の変化を示す一次スクリーニング結果であり、個別ホテルの収益性や担保価値を直接示さない。,対象ホテルのADR・RevPAR・GOP、競合施設の開業・閉館、商圏別需要を追加確認する。,
37,香川県,2025,2019,final,4931700,58.26666666666667,971.5833333333334,22.853174361781942,105.84750764608037,3.8972256573500452,5.583333333333336,20.531375995037738,-16.634150337687693,3.7504695409692097,0.17995498826585238,11.936451933410385,供給増加に対する需要吸収の要確認,True,供給増加に対する需要吸収の要確認,延べ宿泊者数は前年比+3.9%、2019年比105.8%。平均稼働率は前年比+5.6pt、平均施設数は前年比+20.5%。,地域市場の変化を示す一次スクリーニング結果であり、個別ホテルの収益性や担保価値を直接示さない。,対象ホテルのADR・RevPAR・GOP、競合施設の開業・閉館、商圏別需要を追加確認する。,
40,福岡県,2025,2019,final,25483200,72.11666666666666,1386.5,33.045771331700884,124.79303754045591,6.401581293042757,0.24166666666666003,17.053609117771206,-10.65202782472845,2.2064233896114835,0.062131035183145694,9.024847742826648,供給増加に対する需要吸収の要確認,True,供給増加に対する需要吸収の要確認,延べ宿泊者数は前年比+6.4%、2019年比124.8%。平均稼働率は前年比+0.2pt、平均施設数は前年比+17.1%。,地域市場の変化を示す一次スクリーニング結果であり、個別ホテルの収益性や担保価値を直接示さない。,対象ホテルのADR・RevPAR・GOP、競合施設の開業・閉館、商圏別需要を追加確認する。,
41,佐賀県,2025,2019,final,2356840,52.5,384.5,10.675311009657,84.12118270205445,0.5079042871215744,1.375,0.3261578604044413,0.18174642671713315,0.8971939656514216,0.08369433429330632,9.594202406612244,改善継続性の要確認,True,2019年需要水準未達,延べ宿泊者数は前年比+0.5%、2019年比84.1%。平均稼働率は前年比+1.4pt、平均施設数は前年比+0.3%。,地域市場の変化を示す一次スクリーニング結果であり、個別ホテルの収益性や担保価値を直接示さない。,対象ホテルのADR・RevPAR・GOP、競合施設の開業・閉館、商圏別需要を追加確認する。,
45,宮崎県,2025,2019,final,3887680,54.166666666666664,663.5833333333334,6.766246193102313,89.99092609396122,7.725089986117606,3.1499999999999915,3.684895833333335,4.040194152784271,0.8619376661037066,0.13182756876216423,10.452763601942547,需要・稼働率改善,True,2019年需要水準未達,延べ宿泊者数は前年比+7.7%、2019年比90.0%。平均稼働率は前年比+3.1pt、平均施設数は前年比+3.7%。,地域市場の変化を示す一次スクリーニング結果であり、個別ホテルの収益性や担保価値を直接示さない。,対象ホテルのADR・RevPAR・GOP、競合施設の開業・閉館、商圏別需要を追加確認する。,
